cluster_name,ra,dec,l,b,r_sun,r_sun_err,r_gc,rv,rv_err,pm_ra,pm_ra_err,pm_dec,pm_dec_err,ra_dec_cor,x_gc,x_gc_err,y_gc,y_gc_err,z_gc,z_gc_err,u,u_err,v,v_err,w,w_err,r_per,r_per_err,r_apo,r_apo_err,eccentricity,l_z,l_perp,energy,l_z_base,l_perp_base,energy_base,chen_class,mass_class
NGC_104,6.023792,-72.081306,305.895,-44.889,4.52,0.03,7.52,-17.45,0.16,5.253,0.008,-2.557,0.008,-0.03,6.3,0.01,-2.59,0.02,-3.19,0.02,77.52,0.17,170.83,0.17,46.02,0.17,5.47,0.01,7.51,0.0,0.12184658149451509,1.3060093664939099,0.701037543072361,-0.14429603875156796,1277.0058000000001,685.4690567223657,-137958.21457186723,in-situ,in-situ
NGC_288,13.1885,-26.582611,151.285,-89.38,8.99,0.09,12.21,-44.45,0.13,4.157,0.004,-5.705,0.004,0.45,8.26,0.0,0.05,0.0,-8.99,0.09,4.2,0.15,-48.34,0.16,50.29,0.13,1.93,0.1,12.34,0.07,0.6934438111915701,-0.4085718735962911,0.6403400571149945,-0.1356896594120427,-399.4984,626.1195270776739,-129729.84782055744,GS/E,GS/E
NGC_362,15.809416,-70.848778,301.533,-46.247,8.83,0.1,9.62,223.12,0.28,6.692,0.009,-2.533,0.009,-0.15,4.98,0.03,-5.2,0.06,-6.38,0.07,93.45,0.36,-98.32,0.33,-67.93,0.32,0.73,0.06,11.84,0.13,0.8372044514123319,-0.003777489652812771,0.38487623916126196,-0.13791084817757907,-3.693599999999992,376.3289929616371,-131853.476708583,GS/E,GS/E
Whiting_1,30.737499,-3.252778,161.618,-60.636,30.59,1.17,35.15,-130.41,1.79,-0.244,0.051,-2.019,0.042,0.06,22.41,0.54,4.73,0.18,-26.66,1.02,-246.96,6.29,32.88,6.6,-7.97,3.57,35.15,1.12,61.94,4.86,0.520962288499229,1.9482274022649118,6.969163185971766,-0.05797455862997209,1904.9616000000005,6814.3935548673,-55428.17854447912,Sag,Sag
NGC_1261,48.067543,-55.216225,270.539,-52.124,16.4,0.19,18.28,71.34,0.21,1.599,0.009,-2.064,0.009,0.06,8.08,0.0,-10.07,0.12,-12.95,0.15,-78.82,0.7,57.52,0.57,68.81,0.46,1.65,0.06,21.08,0.23,0.8742194993196767,-0.33642709842233864,0.47825161147425266,-0.11199393676171408,-328.9558,467.6307057058271,-107074.89749681567,GS/E,GS/E
Pal_1,53.3335,79.581055,130.065,19.028,11.18,0.32,17.41,-75.72,0.29,-0.257,0.026,0.019,0.029,0.17,14.98,0.2,8.09,0.23,3.64,0.11,-64.32,1.2,206.67,0.99,-24.56,1.41,14.77,0.29,18.98,0.45,0.12166538296463489,3.698398616613836,0.9821448311092424,-0.09806985155760217,3616.2653999999998,960.3335764226096,-93762.39113194527,in-situ,in-situ
AM_1,58.759586,-49.615276,258.361,-48.471,118.91,3.4,120.27,118.0,14.14,0.384,0.066,-0.196,0.082,-0.21,24.08,0.45,-77.21,2.2,-89.01,2.54,-7.19,44.37,-8.91,31.66,76.86,27.49,24.32,15.37,127.61,26.77,nan,-0.7871740876368666,6.9907817715951,-0.04328305194569314,-769.6927,6835.532039733535,-41381.9576705762,Sag,H-E
Eridanus,66.185608,-21.186781,218.106,-41.332,84.68,2.89,89.76,-22.91,0.72,0.477,0.029,-0.295,0.035,-0.23,58.21,1.71,-39.24,1.34,-55.93,1.91,-55.48,11.1,68.3,11.41,131.3,8.85,11.79,3.13,119.38,3.92,nan,1.8395603484225793,4.838858149977671,-0.042270813271651705,1798.7078000000004,4731.39786086486,-40414.178919339814,Sag,H-E
Pal_2,71.52462,31.3815,170.53,-9.072,26.17,1.28,34.19,-135.97,1.55,1.229,0.054,-1.533,0.043,0.13,33.67,1.25,4.25,0.21,-4.13,0.2,-104.05,2.14,-10.43,5.83,24.77,6.1,0.7,0.42,38.81,1.46,0.968061177556175,0.09310198831763578,0.41832584438674286,-0.0860409387278889,91.03439999999996,409.03575676940534,-82261.81667691826,GS/E,GS/E
NGC_1851,78.52816,-40.046555,244.513,-35.036,11.95,0.13,16.69,321.4,1.55,2.138,0.008,-0.67,0.008,-0.15,12.39,0.05,-8.83,0.1,-6.86,0.08,81.45,0.7,-68.15,1.19,-83.31,0.97,0.9,0.03,19.9,0.16,0.9165125697936772,-0.128017995259595,0.5564677237435681,-0.1148604756628835,-125.17500000000013,544.1098118928751,-109815.53121224979,GS/E,GS/E
NGC_1904,81.045837,-24.524416,227.23,-29.35,13.08,0.18,19.09,205.76,0.2,2.47,0.007,-1.599,0.008,0.02,15.92,0.11,-8.37,0.12,-6.41,0.09,43.71,0.39,-17.22,0.38,5.41,0.41,0.3,0.14,19.57,0.1,0.9210924710380013,0.09379323946999024,0.4070502311077798,-0.11701714391101507,91.71030000000003,398.01054981055466,-111877.47347698735,GS/E,GS/E
NGC_2298,102.247543,-36.005306,245.629,-16.006,9.83,0.17,15.07,147.15,0.57,3.312,0.007,-2.183,0.007,0.09,12.08,0.07,-8.61,0.15,-2.71,0.05,-79.73,0.39,34.25,0.52,67.05,0.36,0.97,0.15,16.49,0.22,0.8772162536034146,-0.2789297091473872,0.7838512521108593,-0.12370410654643717,-272.73530000000005,766.4436572687454,-118270.72885719851,GS/E,GS/E
NGC_2419,114.535286,38.881944,180.37,25.241,88.47,2.4,95.93,-21.1,0.31,0.002,0.012,-0.54,0.008,0.14,88.2,2.17,-0.52,0.01,37.73,1.03,-6.07,2.17,33.7,3.47,-55.89,4.56,13.27,1.49,96.98,2.62,nan,3.036620187974172,4.972331023151207,-0.050995371440498545,2969.1836000000008,4861.90659805933,-48755.53380555931,Sag,Sag
Pyxis,136.9869,-37.2266,261.321,6.992,36.53,0.66,38.61,40.46,0.21,1.026,0.016,0.144,0.019,0.09,13.65,0.1,-35.84,0.64,4.45,0.08,-107.18,3.0,215.25,0.67,159.69,2.97,38.66,0.63,432.44,151.99,nan,-0.9236816165785062,7.353289932665625,-0.04333355262263764,-903.1687000000004,7189.989699924102,-41430.240238041064,Sag,H-E
NGC_2808,138.012909,-64.863495,282.193,-11.253,10.06,0.11,11.58,103.57,0.27,1.004,0.007,0.269,0.007,-0.03,6.09,0.02,-9.64,0.11,-1.96,0.02,-56.43,0.32,149.3,0.28,30.31,0.32,1.08,0.02,14.6,0.11,0.8935936275138959,0.3735474591648372,0.07566679744605444,-0.1296106859902717,365.25180000000006,73.98640598224783,-123917.87732605729,GS/E,GS/E
E_3,140.237793,-77.281891,292.268,-19.017,7.88,0.25,9.1,11.7,0.42,-2.734,0.025,7.088,0.025,0.02,5.36,0.09,-6.89,0.22,-2.57,0.08,218.34,0.89,111.39,0.58,97.28,0.89,9.01,0.17,12.11,0.87,0.19545543547367156,2.149140638885169,1.1747265661527913,-0.11875841129346015,2101.4129999999996,1148.6384989859823,-113542.26026706645,in-situ,in-situ
Pal_3,151.381622,0.071667,240.14,41.864,94.84,3.23,98.17,94.04,0.8,0.071,0.047,-0.182,0.057,-0.49,43.34,1.2,-61.26,2.09,63.29,2.16,-41.1,20.58,135.12,19.31,51.48,16.91,44.63,8.9,112.67,39.17,nan,3.4141351567120872,12.951281306019442,-0.04068174201164557,3338.314800000001,12663.662121825622,-38894.90343711157,Sag,H-E
NGC_3201,154.403427,-46.412476,277.229,8.64,4.74,0.04,8.93,495.38,0.06,8.35,0.005,-1.976,0.005,0.18,7.59,0.01,-4.65,0.04,0.71,0.01,-249.99,0.11,-199.09,0.21,148.84,0.11,8.34,0.02,25.52,0.37,0.5611146380881522,-2.7342686316365565,1.4506910343224528,-0.09277671418893371,-2673.5465999999997,1418.474409422553,-88701.74090770482,other,Seq/GS/E
Pal_4,172.318329,28.973373,202.311,71.801,101.39,2.57,104.05,72.4,0.24,-0.46,0.3,-0.291,0.256,-0.21,37.47,0.74,-12.02,0.3,96.32,2.44,147.95,134.01,32.27,125.91,7.63,44.83,69.82,32.47,500.0,0.0,nan,3.0553688541974378,14.651976004340295,-0.0386669716291516,2987.5159,14326.588169297509,-36968.62654728166,Sag,H-E
Crater,174.06875,-10.876972,274.809,47.848,147.23,4.27,147.0,148.1,0.65,-0.013,0.112,-0.132,0.095,-0.27,-0.11,0.24,-98.46,2.86,109.15,3.17,-56.16,75.54,91.39,52.12,58.51,46.24,82.65,46.65,244.73,157.27,nan,-5.665382048629603,17.26905212731415,-0.03316291094754459,-5539.5665,16885.54484588786,-31706.317262152606,-,-
NGC_4147,182.52626,18.542639,252.848,77.189,18.54,0.21,20.74,179.35,0.31,-1.69,0.014,-2.092,0.013,-0.32,9.39,0.01,-3.93,0.05,18.07,0.21,40.11,1.18,-12.89,1.16,130.14,0.4,1.83,0.09,25.27,0.27,0.9094891646587131,0.037426356222280216,0.5828673245201516,-0.1036521282768354,36.5952,569.9231361876965,-99099.48102086052,GS/E,GS/E
NGC_4372,186.439101,-72.659084,300.993,-9.884,5.71,0.21,7.22,75.59,0.3,-6.409,0.004,3.309,0.005,0.18,5.28,0.11,-4.82,0.18,-0.98,0.04,100.02,0.18,84.28,0.26,64.83,0.13,2.88,0.1,7.26,0.03,0.40465013944361766,0.9481511301106058,0.5080019677649222,-0.1577975605601678,927.0948000000002,496.7203726790759,-150866.71752754744,in-situ,in-situ
Rup_106,189.6675,-51.150278,300.888,11.671,20.71,0.36,18.04,-38.36,0.26,-1.253,0.008,0.401,0.008,0.45,-2.23,0.18,-17.41,0.3,4.19,0.07,118.81,0.71,226.1,0.49,31.88,0.73,4.63,0.13,34.7,0.76,0.7668649218994389,1.5998072650967314,1.642983031360977,-0.08645505396162148,1564.2791000000002,1606.4960284182873,-82657.74298762676,other,Helmi
NGC_4590,189.866577,-26.744057,299.626,36.051,10.4,0.1,10.35,-93.11,0.18,-2.732,0.005,1.764,0.005,-0.15,4.02,0.04,-7.31,0.07,6.12,0.06,170.43,0.24,289.18,0.21,16.43,0.21,8.88,0.06,29.37,0.41,0.5758482007632952,2.463045672280088,2.1757971692715916,-0.08772530221696642,2408.3469000000005,2127.4775480688413,-83872.19892755819,other,Helmi
BH_140,193.472915,-67.177276,303.171,-4.307,4.81,0.25,6.86,90.3,0.35,-14.901,0.069,1.258,0.073,0.17,5.55,0.13,-4.01,0.21,-0.36,0.02,222.36,1.33,-10.8,0.91,32.29,1.66,2.01,0.11,10.0,0.57,0.6654462665635356,0.8506138436755997,0.29817467022555433,-0.14632507164874667,831.7236,291.5528732487814,-139898.12753291734,-,-
NGC_4833,194.891342,-70.876503,303.604,-8.015,6.48,0.08,7.13,201.99,0.4,-8.39,0.006,-0.968,0.006,0.19,4.63,0.05,-5.34,0.07,-0.9,0.01,95.21,0.27,-54.95,0.34,-42.21,0.19,0.85,0.03,7.62,0.08,0.8419033528214099,0.2597718557868851,0.21207590247677374,-0.16250723398495634,254.00289999999995,207.36616784772298,-155369.53092784487,in-situ,GS/E
NGC_5024,198.230209,18.168165,332.963,79.764,18.5,0.18,19.0,-63.37,0.25,-0.131,0.005,-1.332,0.005,-0.34,5.25,0.03,-1.49,0.01,18.2,0.18,-57.27,0.41,155.76,0.41,-72.49,0.26,9.28,0.03,22.64,0.17,0.41577994668364093,0.7490422645631378,2.8696981678233056,-0.10010290296782068,732.4077,2805.96854706924,-95706.1461034137,other,Helmi
NGC_5053,199.112885,17.700251,335.699,78.946,17.54,0.23,18.01,42.82,0.25,-0.338,0.007,-1.214,0.007,-0.34,5.11,0.04,-1.38,0.02,17.21,0.23,-52.79,0.58,150.82,0.58,35.3,0.27,10.79,0.05,17.84,0.2,0.2184283164898062,0.7136894572554879,2.924699648437368,-0.10568743807252486,697.8400000000001,2859.7485669945972,-101045.3951841549,other,Helmi
NGC_5139,201.696991,-47.479473,309.102,14.968,5.43,0.05,6.5,232.78,0.21,-3.236,0.011,-6.731,0.011,-0.12,4.87,0.03,-4.07,0.04,1.4,0.01,-95.98,0.25,-21.69,0.24,-86.82,0.27,1.47,0.04,6.95,0.03,0.6132168557217372,-0.5075402411638456,0.4909466755832371,-0.16472413143375228,-496.26890000000003,480.04384064533104,-157489.05698393693,in-situ,GS/E/Seq
NGC_5272,205.548416,28.377277,42.217,78.707,10.18,0.08,12.09,-147.2,0.27,-0.153,0.007,-2.679,0.007,0.14,6.7,0.01,1.34,0.01,9.98,0.08,-65.3,0.32,127.78,0.32,-134.17,0.27,5.28,0.02,15.8,0.1,0.5009528628820716,0.9650598348777393,1.5094097914197153,-0.11818367357066929,943.6280000000002,1475.88915337902,-112992.76638789046,other,Helmi
NGC_5286,206.61171,-51.374249,311.614,10.568,11.1,0.14,8.46,62.38,0.4,0.187,0.007,-0.16,0.007,0.08,0.93,0.09,-8.16,0.11,2.03,0.03,-58.91,0.39,210.15,0.39,8.54,0.37,0.93,0.05,12.78,0.16,0.8644848452051813,-0.2917451107451417,0.5240523540690077,-0.13434200331874258,-285.26609999999994,512.4143155621827,-128441.38397846487,GS/E,GS/E
AM_4,209.089066,-27.165171,320.283,33.51,29.01,0.94,24.58,151.19,2.85,-0.538,0.306,-2.485,0.349,-0.46,-10.43,0.6,-15.46,0.5,16.02,0.52,-126.95,32.78,-68.39,38.19,-162.9,39.49,21.12,5.02,52.5,97.64,0.06309222733782674,-1.2777145003796735,5.3136751807924,-0.08133840011048822,-1249.3393000000003,5195.670260317069,-77765.82470635002,Sag,-
NGC_5466,211.363709,28.534445,42.15,73.592,16.12,0.16,16.48,106.82,0.2,-5.336,0.005,-0.809,0.004,0.17,4.8,0.03,3.06,0.03,15.46,0.16,217.9,0.34,-33.47,0.34,225.06,0.22,6.16,0.26,47.79,1.51,0.7826805256495215,-0.8462227267237595,2.645591354038779,-0.07186337414428046,-827.4300000000001,2586.838647725065,-68706.96434795434,other,Seq
NGC_5634,217.405335,-5.97643,342.21,49.26,25.96,0.62,21.84,-16.07,0.6,-1.69,0.009,-1.489,0.008,-0.04,-7.95,0.39,-5.18,0.12,19.67,0.47,59.05,0.92,-14.26,1.03,-26.56,0.8,3.08,0.25,22.18,0.59,0.7661594684289945,0.4287679843467474,1.0618361377546204,-0.10877719987220907,419.2459999999999,1038.2551161960387,-103999.44731909032,GS/E,Helmi/GS/E
NGC_5694,219.901245,-26.538776,331.056,30.36,34.84,0.74,29.16,-139.55,0.49,-0.476,0.012,-1.102,0.011,-0.36,-18.13,0.56,-14.55,0.31,17.61,0.37,114.37,1.32,144.79,1.72,-170.18,1.6,29.14,0.71,59.26,1.47,0.9121040999060677,-0.9827846639525786,1.0982243010000552,-0.06563869022789798,-960.9591999999996,1073.8351791786756,-62755.68330927778,other,H-E
IC_4499,225.077188,-82.213792,307.354,-20.473,18.89,0.25,15.75,38.41,0.31,0.457,0.007,-0.492,0.007,-0.05,-2.56,0.14,-14.07,0.19,-6.61,0.09,-30.75,0.55,247.81,0.48,-61.21,0.62,6.68,0.19,28.58,0.53,0.6229910524764413,-1.0912810271345652,2.5564556580889817,-0.09254826822425316,-1067.0461,2499.682457551249,-88483.3288314888,other,Seq
NGC_5824,225.994156,-33.068138,332.555,22.071,31.71,0.6,25.42,-25.24,0.52,-1.193,0.01,-2.228,0.009,-0.2,-17.9,0.49,-13.55,0.26,11.92,0.23,97.4,0.96,-61.59,1.35,-179.17,1.35,13.94,1.19,34.99,1.61,0.43197926262873193,2.477245110250799,3.851746356021424,-0.08108172087428872,2422.231,3766.207626805072,-77520.41943084747,other,Sag
Pal_5,229.019167,-0.121,0.839,45.856,21.94,0.51,17.27,-58.61,0.15,-2.754,0.017,-2.643,0.014,0.01,-7.1,0.36,0.22,0.01,15.74,0.37,49.28,1.16,-144.14,1.59,-10.2,1.13,8.88,1.2,17.54,0.61,0.3056697819135865,1.0355496572262146,2.4270120535882773,-0.1094866561745577,1012.5524,2373.1135079241362,-104677.74261836243,other,Helmi
NGC_5897,229.351659,-21.010122,342.946,30.294,12.55,0.24,7.41,101.31,0.22,-5.415,0.006,-3.392,0.006,-0.33,-2.18,0.19,-3.18,0.06,6.33,0.12,34.52,0.27,-129.35,0.34,91.18,0.32,2.45,0.22,8.83,0.29,0.5478667711681258,0.4006542405569403,0.688939469663666,-0.14753705245172344,391.7566,673.6396546460206,-141056.8752651536,in-situ,GS/E
NGC_5904,229.638412,2.081028,3.859,46.796,7.48,0.06,6.27,53.5,0.25,4.073,0.006,-9.872,0.006,-0.37,3.07,0.04,0.34,0.0,5.45,0.04,-301.43,0.23,89.62,0.22,-181.13,0.23,3.25,0.03,23.44,0.53,0.8129819013314548,0.38619615867968937,1.2456468090642177,-0.10017758089416606,377.61960000000005,1217.983760864487,-95777.54399815616,GS/E,Helmi/GS/E
NGC_5927,232.002869,-50.673031,326.604,4.86,8.27,0.11,4.77,-104.09,0.28,-5.058,0.006,-3.186,0.006,-0.25,1.3,0.09,-4.54,0.06,0.7,0.01,205.0,0.27,114.22,0.25,7.05,0.23,4.03,0.01,5.48,0.07,0.15579536712421746,1.1036966505470034,0.17884647441057763,-0.16306451817629253,1079.186,174.8746915536951,-155902.33787605385,in-situ,in-situ
NGC_5946,233.869051,-50.659713,327.583,4.191,9.64,0.51,5.2,137.6,0.94,-5.317,0.015,-1.639,0.015,-0.2,0.06,0.43,-5.16,0.27,0.7,0.04,7.2,0.88,-21.45,0.77,98.68,0.7,0.48,0.15,5.13,0.32,0.8820278969485961,0.036679571799363854,0.5053983596895066,-0.18187325942166999,35.865,494.17458495462927,-173884.95460626064,in-situ,L-E
NGC_5986,236.512497,-37.786415,337.022,13.268,10.54,0.13,4.85,101.18,0.43,-4.18,0.017,-4.565,0.017,-0.15,-1.27,0.12,-4.0,0.05,2.42,0.03,8.15,0.53,-71.93,0.78,-13.39,0.81,0.54,0.08,5.03,0.09,0.7121972020436256,0.12676629784079546,0.23281717505360153,-0.18257812030406656,123.95110000000001,227.64682284110623,-174558.85632732173,in-situ,L-E
FSR_1716,242.625,-53.748889,329.778,-1.593,7.43,0.27,4.14,-30.7,0.98,-4.407,0.029,-8.862,0.026,-0.11,1.76,0.23,-3.74,0.13,-0.21,0.01,182.51,0.98,-12.33,0.97,-115.33,0.97,2.35,0.1,4.9,0.13,0.3388313462468196,0.6758967655356883,0.4697055779952665,-0.17719989628015917,660.8866000000002,459.27446064385083,-169416.85665549967,-,-
Pal_14,242.7525,14.957778,28.746,42.192,73.58,1.63,68.55,72.3,0.14,-0.458,0.038,-0.414,0.037,0.23,-39.62,1.06,26.22,0.58,49.42,1.09,-99.22,9.79,77.43,12.14,122.42,9.68,3.75,0.92,500.0,0.0,nan,-0.4768172518273577,0.6330854869690576,-0.04832202629701607,-466.22820000000036,619.0260648173391,-46199.60831986952,other,H-E
Lynga_7,242.765213,-55.317776,328.769,-2.797,7.9,0.16,4.35,17.86,0.83,-3.836,0.061,-7.071,0.053,0.19,1.43,0.14,-4.09,0.08,-0.39,0.01,125.71,1.32,1.23,1.9,-89.33,2.11,1.79,0.07,4.38,0.08,0.4239590792537932,0.5276302966627866,0.382711023784772,-0.18574423778281202,515.9128,374.21186220824154,-177585.91041883788,in-situ,in-situ
NGC_6093,244.26004,-22.976084,352.673,19.463,10.34,0.12,3.95,10.93,0.39,-2.937,0.01,-5.577,0.01,-0.33,-1.49,0.11,-1.24,0.01,3.44,0.04,-9.1,0.4,-48.78,0.48,-62.97,0.47,0.87,0.07,4.07,0.07,0.5068380722053303,0.0627926860519086,0.28215971909550164,-0.18715928010103167,61.39820000000001,275.8935786032179,-178938.8007230639,in-situ,L-E
NGC_6121,245.896744,-26.525749,350.973,15.972,1.85,0.02,6.45,71.22,0.13,-12.511,0.007,-19.017,0.007,-0.21,6.42,0.02,-0.28,0.0,0.51,0.0,-56.21,0.13,45.28,0.06,-3.04,0.07,0.62,0.07,6.52,0.13,0.811972691913889,0.28120370964636626,0.024596530780374774,-0.17324761506763825,274.9588,24.050296477382563,-165638.1690055631,in-situ,L-E
NGC_6101,246.450485,-72.202194,317.746,-15.825,14.45,0.19,10.36,366.33,0.32,1.76,0.012,-0.252,0.012,0.07,-2.11,0.13,-9.35,0.12,-3.94,0.05,-297.01,0.63,83.88,0.67,-190.08,0.81,10.19,0.13,35.74,1.11,0.6095844320514563,-3.0211227237235843,2.294648032617992,-0.07913333930529041,-2954.0303000000004,2243.688997788998,-75657.61540040198,other,Seq/GS/E
NGC_6144,246.80777,-26.0235,351.929,15.701,8.15,0.13,2.5,194.79,0.58,-1.737,0.017,-2.624,0.016,-0.22,0.41,0.12,-1.1,0.02,2.21,0.03,-184.47,0.58,106.09,0.63,43.41,0.63,1.89,0.1,3.11,0.05,0.36501674985973614,-0.16304087562280123,0.5221573465963288,-0.1860870536699719,-159.42010000000002,510.56139199537023,-177913.66901934164,in-situ,L-E
NGC_6139,246.918466,-38.848782,342.366,6.939,10.04,0.45,3.51,24.41,0.95,-6.083,0.012,-2.705,0.012,-0.05,-1.32,0.43,-3.02,0.14,1.21,0.05,68.39,0.91,-29.37,0.63,130.82,0.59,1.32,0.23,3.58,0.3,0.435871669727128,0.2508776349011323,0.45105520723724696,-0.1925157178451589,245.30620000000002,441.03827318519643,-184059.97102017383,in-situ,L-E
Ter_3,247.162483,-35.339829,345.084,9.199,7.64,0.31,2.46,-135.76,0.57,-5.578,0.019,-1.748,0.018,-0.04,0.89,0.3,-1.94,0.08,1.22,0.05,181.97,0.58,113.2,0.65,89.05,0.67,2.4,0.05,2.88,0.08,0.16838497293456217,0.46407589459035203,0.3498390379895873,-0.19010846963170078,453.76980000000003,342.0698901865086,-181758.45485636723,in-situ,in-situ
NGC_6171,248.132752,-13.053778,3.373,23.011,5.63,0.08,3.74,-34.71,0.18,-1.936,0.007,-5.979,0.007,-0.02,3.0,0.07,0.3,0.0,2.2,0.03,-10.3,0.18,93.71,0.18,-57.7,0.18,1.21,0.03,3.83,0.03,0.4001926104410106,0.2906752515492874,0.2755102453539138,-0.19060045366328668,284.21999999999997,269.39177490042266,-182228.82978268323,in-situ,in-situ
ESO_452-SC11,249.854167,-28.399167,351.909,12.098,7.39,0.2,2.12,16.75,0.44,-1.437,0.024,-6.471,0.022,-0.25,1.03,0.19,-1.02,0.03,1.55,0.04,-20.8,0.48,43.24,0.8,-94.85,0.81,0.35,0.1,2.37,0.13,0.6752293895424437,0.02385087494346367,0.07352153990398033,-0.21436506748619433,23.321200000000008,71.88878984410572,-204949.64541534818,-,-
NGC_6205,250.421814,36.459862,59.007,40.913,7.42,0.08,8.64,-244.9,0.3,-3.138,0.006,-2.572,0.006,0.23,5.29,0.03,4.81,0.05,4.86,0.05,30.36,0.24,-14.96,0.26,-77.75,0.26,1.51,0.01,8.73,0.04,0.672969928363756,-0.23028409820333917,0.6493012910436458,-0.15199959782812317,-225.17000000000002,634.8817519097711,-145323.41506694257,GS/E,GS/E
NGC_6229,251.745249,47.527796,73.639,40.306,30.11,0.47,29.45,-137.89,0.71,-1.156,0.017,-0.461,0.018,0.17,1.71,0.1,22.03,0.34,19.47,0.3,-7.59,2.53,30.75,1.77,45.79,1.93,1.43,0.2,30.36,0.4,0.921459383959156,0.22478211129782633,0.4788798130689325,-0.09649059278393961,219.7902,468.2449563387525,-92252.49714839282,GS/E,GS/E
NGC_6218,251.809067,-1.948528,15.715,26.313,5.11,0.05,4.57,-41.67,0.14,-0.198,0.005,-6.804,0.005,0.13,3.77,0.04,1.24,0.01,2.26,0.02,-49.03,0.14,114.68,0.13,-85.24,0.13,2.15,0.02,4.71,0.01,0.3221264542669152,0.5043410952403661,0.4308318287705907,-0.17651642098806997,493.1408,421.2640110243932,-168763.40121890968,in-situ,in-situ
FSR_1735,253.044174,-47.058056,339.188,-1.853,9.08,0.53,3.25,-69.85,4.88,-4.57,0.054,-1.515,0.046,-0.11,-0.31,0.49,-3.23,0.19,-0.29,0.02,113.12,4.59,111.87,2.63,120.05,2.2,1.13,0.14,4.12,0.39,0.4993639487515028,0.3382087652850647,0.3634172647704316,-0.1931279765950098,330.69789999999995,355.34657471703594,-184645.33791393077,-,-
NGC_6235,253.355676,-22.177447,358.918,13.518,11.94,0.38,4.42,126.68,0.33,-3.942,0.032,-7.602,0.031,-0.13,-3.43,0.37,-0.22,0.01,2.79,0.09,-144.47,0.52,-227.91,1.76,-43.18,1.72,3.5,0.38,7.49,1.09,0.3897905575177531,0.7669808404804724,0.8679798935799066,-0.1490712144365935,749.9479,848.7039885177518,-142523.65321781175,in-situ,GS/E
NGC_6254,254.28772,-4.100306,15.137,23.076,5.07,0.06,4.35,74.21,0.23,-4.763,0.011,-6.611,0.011,-0.07,3.68,0.06,1.22,0.02,1.99,0.03,-122.9,0.24,80.21,0.26,48.71,0.26,1.91,0.02,4.6,0.04,0.3878824000003187,0.4552202299532213,0.445396713692714,-0.17888854812990096,445.1108,435.50544221092116,-171031.33891183484,in-situ,L-E
NGC_6256,254.886107,-37.120968,347.792,3.307,7.24,0.29,1.94,-99.75,0.66,-3.685,0.019,-1.634,0.018,-0.14,1.11,0.29,-1.53,0.06,0.42,0.02,115.73,0.66,154.69,0.63,66.43,0.64,1.42,0.22,2.18,0.03,0.170933231547615,0.3566941853970492,0.17231919358334905,-0.21309548458340183,348.7728,168.49236713210485,-203735.8256041074,in-situ,L-E
Pal_15,254.9626,-0.539,18.849,24.337,44.1,1.14,37.28,72.27,1.74,-0.601,0.035,-0.855,0.029,-0.06,-29.85,0.98,12.98,0.33,18.17,0.47,-136.67,3.47,65.03,6.22,53.59,6.41,1.52,0.53,49.66,1.48,0.9208700491680869,-0.17096566764730747,1.031368180665295,-0.07467771298525273,-167.16890000000018,1008.4637847435923,-71397.69075361303,other,GS/E
NGC_6266,255.304153,-30.11339,353.575,7.318,6.03,0.09,2.46,-73.98,0.67,-5.03,0.031,-3.004,0.031,-0.05,2.24,0.09,-0.67,0.01,0.77,0.01,87.09,0.68,106.94,0.89,59.64,0.89,1.08,0.06,2.69,0.07,0.2703004046461177,0.3046617608472359,0.14239128238552204,-0.2104540280525739,297.89590000000004,139.2290883517162,-201210.38810758945,in-situ,in-situ
NGC_6273,255.657486,-26.267971,356.869,9.382,8.34,0.16,1.43,145.54,0.59,-3.256,0.01,1.668,0.009,0.0,-0.04,0.16,-0.45,0.01,1.36,0.03,-129.95,0.59,221.75,0.38,171.75,0.38,1.22,0.04,3.29,0.1,0.6410893484167346,-0.06887710753541494,0.42463334428241767,-0.18251820086968526,-67.3475,415.2031811056486,-174501.56869658065,in-situ,L-E
NGC_6284,256.120114,-24.764799,358.347,9.939,14.21,0.42,6.32,28.62,0.73,-3.205,0.014,-2.004,0.014,0.1,-5.81,0.41,-0.4,0.01,2.45,0.07,-16.17,0.74,15.56,0.94,105.21,0.94,1.02,0.06,6.48,0.39,0.7262611918869399,-0.09907176376744053,0.59036350136848,-0.16712262022363325,-96.87159999999999,577.2528396023357,-159782.1984588204,in-situ,GS/E
Gran_3,256.256,-35.496,349.756,3.423,11.47,0.75,3.76,94.87,1.58,-3.851,0.065,0.498,0.049,-0.18,-3.09,0.74,-2.04,0.13,0.68,0.04,-74.88,1.67,134.19,2.94,195.87,3.23,3.55,0.64,4.09,0.79,0.0478401247138476,-0.580289234684907,0.7572068257016416,-0.17180577856678117,-567.4023000000001,740.3909443746661,-164259.661382736,-,-
NGC_6287,256.288904,-22.708005,0.132,11.023,7.93,0.37,1.57,-294.74,1.65,-4.991,0.01,-1.886,0.009,-0.02,0.4,0.36,0.02,0.0,1.52,0.07,298.98,1.62,84.28,0.35,59.53,0.47,0.91,0.06,4.16,0.17,0.7358413963447017,0.028362262845913234,0.459146691715247,-0.1763322227788391,27.732400000000002,448.95006376963573,-168587.2934318028,in-situ,L-E
Patchick_126,256.410833,-47.342222,340.381,-3.826,8.0,0.5,2.81,-122.14,0.77,-4.859,0.038,-6.832,0.033,-0.04,0.66,0.47,-2.68,0.17,-0.53,0.03,210.96,0.85,-6.02,1.28,6.65,1.36,2.23,0.3,3.23,0.07,0.16564697987040566,0.5741502003717872,0.12076432815057438,-0.19570423975714787,561.3996000000001,118.08242072213798,-187108.44548909957,-,-
NGC_6293,257.5425,-26.582083,357.62,7.834,9.19,0.28,1.6,-143.66,0.39,0.865,0.02,-4.33,0.02,-0.04,-0.92,0.28,-0.38,0.01,1.25,0.04,117.36,0.42,126.19,1.07,-151.88,1.07,0.44,0.13,2.79,0.39,0.5689417202203416,-0.07312187437643712,0.1025429328345123,-0.20334157042893586,-71.49800000000002,100.26568211392171,-194410.32648798721,in-situ,in-situ
Gran_2,257.89,-24.849,359.229,8.586,15.84,1.55,7.85,53.22,1.67,0.227,0.027,-2.568,0.022,-0.02,-7.48,1.53,-0.21,0.02,2.36,0.23,-80.46,1.69,103.84,1.79,-108.8,1.92,3.8,0.59,8.39,1.49,0.34426696510952487,-0.8116446238811316,1.0513621333936547,-0.14750765966584573,-793.6198,1028.0137162020358,-141028.7734801284,-,-
NGC_6304,258.634399,-29.462028,355.826,5.376,6.15,0.15,2.19,-108.62,0.39,-4.073,0.012,-1.089,0.011,0.05,2.07,0.15,-0.45,0.01,0.58,0.01,110.98,0.39,166.2,0.32,75.17,0.33,1.56,0.13,2.7,0.14,0.25104412785437613,0.4029230252238777,0.1626126847777259,-0.20467453151035264,393.97499999999997,159.00141832229045,-195684.74075796347,in-situ,in-situ
NGC_6316,259.155417,-28.140111,357.175,5.764,11.15,0.39,3.16,99.65,0.84,-4.974,0.028,-4.605,0.027,0.08,-2.9,0.38,-0.55,0.02,1.12,0.04,-85.27,0.85,-102.1,1.44,92.58,1.46,0.87,0.21,3.85,0.5,0.5741305866410533,0.2548511784759843,0.1884281248802306,-0.19572447114676522,249.19150000000002,184.24355485378587,-187127.78826811185,in-situ,in-situ
NGC_6341,259.280762,43.135944,68.338,34.859,8.5,0.07,9.85,-120.55,0.27,-4.934,0.012,-0.63,0.012,0.13,5.6,0.02,6.48,0.05,4.86,0.04,22.97,0.46,39.48,0.37,98.27,0.42,1.25,0.02,10.62,0.05,0.8327731175050903,0.07388318131209709,0.6390021259838082,-0.14360101533674105,72.24239999999998,624.8113084244553,-137293.7182334733,GS/E,GS/E
NGC_6325,259.496327,-23.767677,0.971,8.003,7.53,0.32,1.28,29.54,0.58,-8.288,0.029,-8.987,0.028,0.17,0.72,0.32,0.13,0.01,1.05,0.04,-38.92,0.59,-179.39,1.02,73.6,1.02,1.05,0.03,1.31,0.13,0.3397128975094285,-0.12691980693676877,0.22402910774120485,-0.21826636814157255,-124.10119999999996,219.05391897943755,-208679.59169509792,in-situ,in-situ
NGC_6333,259.799086,-18.516257,5.544,10.705,8.3,0.14,1.73,310.75,2.12,-2.179,0.009,-3.213,0.008,0.07,0.06,0.14,0.79,0.01,1.54,0.03,-329.48,2.06,129.7,0.38,66.52,0.51,1.22,0.02,6.14,0.12,0.7316032555947869,0.2741596773383975,0.5442368461086217,-0.15812314099060484,268.07120000000003,532.1505548770949,-151177.99769345668,in-situ,L-E
NGC_6342,260.291573,-19.587659,4.898,9.725,8.01,0.23,1.54,115.75,0.9,-2.915,0.013,-7.106,0.013,-0.07,0.31,0.23,0.67,0.02,1.35,0.04,-158.75,0.89,-22.34,0.49,-29.08,0.52,0.84,0.09,1.66,0.04,0.371872881740623,0.10169553182686529,0.21024412587664898,-0.21697352394513525,99.43710000000002,205.5750709362641,-207443.53228138687,in-situ,in-situ
NGC_6356,260.895804,-17.813027,6.724,10.22,15.66,0.92,7.86,48.18,1.82,-3.769,0.011,-3.41,0.01,0.03,-7.12,0.9,1.8,0.11,2.78,0.16,-83.82,1.79,-106.31,0.76,111.08,0.82,3.62,1.13,8.99,1.26,0.42918629225002003,0.9284213761074102,0.7630866023809952,-0.14616710753122347,907.8032000000001,746.1401442769583,-139747.10157400352,in-situ,in-situ
NGC_6355,260.993533,-26.352827,359.585,5.429,8.65,0.22,0.93,-195.85,0.55,-4.732,0.015,-0.558,0.014,0.27,-0.44,0.22,-0.06,0.0,0.82,0.02,198.82,0.55,126.39,0.6,136.36,0.62,0.79,0.08,1.5,0.26,0.7535550876371878,-0.04467452187839207,0.2551595388962277,-0.2102122138786668,-43.6824,249.49301242038823,-200979.19498559507,in-situ,in-situ
NGC_6352,261.371277,-48.422169,341.421,-7.166,5.54,0.07,3.51,-125.63,1.01,-2.169,0.008,-4.43,0.008,0.17,2.96,0.07,-1.75,0.02,-0.69,0.01,149.96,0.96,170.76,0.37,6.51,0.24,3.09,0.02,3.94,0.07,0.12337514877085753,0.7853198082104222,0.16615012145020844,-0.180577001857051,767.8796,162.46029638533224,-172645.63174759227,in-situ,in-situ
IC_1257,261.785431,-7.093056,16.528,15.145,26.59,1.43,19.27,-137.97,2.04,-1.029,0.025,-1.49,0.019,0.24,-16.43,1.32,7.3,0.39,6.95,0.37,55.77,2.11,-5.13,2.57,-13.47,2.87,1.03,0.24,20.07,1.37,0.9085388436378198,-0.33016738407374346,0.1817455730216743,-0.11595625868186492,-322.8351,177.709407625511,-110863.18484269432,GS/E,GS/E
Ter_2,261.887917,-30.802333,356.319,2.298,7.75,0.33,0.74,133.46,0.69,-2.142,0.03,-6.255,0.027,0.21,0.45,0.32,-0.5,0.02,0.31,0.01,-131.58,0.7,9.08,1.03,-49.5,1.08,0.16,0.03,0.86,0.22,0.48509719128300177,-0.06310543143197958,0.029356485839092717,-0.2517935834703392,-61.704000000000015,28.704543509347094,-240734.2122262033,in-situ,in-situ
NGC_6366,261.934357,-5.079861,18.409,16.036,3.44,0.05,5.23,-120.65,0.19,-0.342,0.008,-5.155,0.008,0.2,5.04,0.05,1.05,0.02,0.95,0.01,65.24,0.18,147.16,0.14,-62.03,0.14,2.24,0.04,5.7,0.04,0.43844409434867626,0.6884738751989872,0.4366990431131311,-0.17057971803717437,673.1844,427.0009275714632,-163087.45233884943,in-situ,in-situ
Ter_4,262.662506,-31.595528,356.024,1.308,7.59,0.31,0.82,-48.96,1.57,-5.364,0.035,-3.674,0.031,0.21,0.61,0.31,-0.53,0.02,0.17,0.01,54.76,1.56,39.76,1.17,94.74,1.22,0.19,0.04,0.85,0.19,0.5338238881436003,0.05448642238984047,0.07650723805425139,-0.2546966035682716,53.27640000000001,74.80818227172747,-243509.72479773362,in-situ,in-situ
HP_1,262.771667,-29.981667,357.425,2.115,7.0,0.14,1.26,39.76,1.22,2.5,0.028,-10.049,0.027,0.17,1.19,0.14,-0.31,0.01,0.26,0.01,-49.6,1.22,16.99,0.89,-243.09,0.91,0.72,0.13,1.67,0.11,0.3899382265808994,0.004952074574367759,0.29182096045663997,-0.2180015643494481,4.842099999999999,285.3402652579197,-208426.41871343178,in-situ,in-situ
FSR_1758,262.8,-39.808,349.217,-3.292,11.09,0.74,3.46,227.31,0.59,-2.875,0.008,2.509,0.007,0.08,-2.69,0.72,-2.07,0.14,-0.64,0.04,-250.44,0.58,235.01,0.39,192.45,0.39,3.63,0.62,13.22,3.42,0.6051734354909273,-1.1767200377419464,0.7382911300159538,-0.12761544256752438,-1150.5876999999998,721.8953242655198,-122010.26972559924,-,-
NGC_6362,262.979096,-67.048332,325.555,-17.57,7.65,0.07,5.2,-14.58,0.18,-5.502,0.006,-4.761,0.006,0.07,2.16,0.05,-4.12,0.04,-2.31,0.02,117.09,0.19,40.56,0.2,99.81,0.2,2.64,0.03,5.24,0.02,0.28825979711180155,0.5829667974042132,0.5937747851257091,-0.169368791058485,570.0204000000001,580.5883663261003,-161929.71214443905,in-situ,in-situ
Liller_1,263.352333,-33.389556,354.84,-0.161,8.06,0.34,0.74,60.36,2.44,-5.183,0.176,-6.979,0.143,0.35,0.15,0.34,-0.72,0.03,-0.02,0.0,-41.46,2.48,-83.37,5.81,28.07,6.39,0.09,0.04,0.85,0.09,0.8546403040568888,-0.04331871236119099,0.02264034636749702,-0.26050942489867784,-42.3567,22.137554574297496,-249067.23323182703,in-situ,-
NGC_6380,263.618611,-39.06953,350.182,-3.422,9.61,0.3,2.15,-1.48,0.73,-2.186,0.017,-3.256,0.016,-0.02,-1.27,0.3,-1.64,0.05,-0.57,0.02,20.58,0.74,76.51,0.73,11.08,0.75,0.28,0.05,2.11,0.24,0.6526590559988196,-0.06485682601462034,0.02612721231291355,-0.22604498486189878,-63.41650000000002,25.54698497376941,-216116.55312425163,in-situ,in-situ
Ter_1,263.946667,-30.481778,357.558,0.991,5.67,0.17,2.52,57.55,1.61,-2.886,0.046,-4.87,0.044,0.08,2.51,0.17,-0.24,0.01,0.1,0.0,-62.2,1.61,97.77,1.21,2.95,1.22,0.57,0.09,2.68,0.17,0.5383471967507903,0.23570927942525702,0.017582389054734877,-0.2201808536111674,230.47469999999998,17.191923256285204,-210509.9884232009,in-situ,in-situ
Ton_2,264.042,-38.5561,350.793,-3.424,6.99,0.34,1.76,-184.72,1.12,-5.936,0.02,-0.795,0.019,0.24,1.29,0.33,-1.12,0.05,-0.42,0.02,182.4,1.11,154.24,0.65,169.82,0.65,1.8,0.14,3.0,0.29,0.3187649933475624,0.41241645316713094,0.3284701726336392,-0.19325762407256128,403.2576000000001,321.1755798553184,-184769.2909668454,in-situ,L-E
NGC_6388,264.071777,-44.7355,345.556,-6.738,11.17,0.16,3.99,83.11,0.45,-1.317,0.007,-2.715,0.007,0.01,-2.57,0.16,-2.77,0.04,-1.31,0.02,-49.47,0.44,78.28,0.38,-19.32,0.38,1.15,0.02,4.05,0.12,0.4893577563106802,-0.34589301540835204,0.16035834833703586,-0.1933365723536635,-338.21149999999994,156.79714568553217,-184844.77165223783,in-situ,in-situ
NGC_6402,264.400651,-3.245916,21.324,14.804,9.14,0.25,3.97,-60.71,0.45,-3.599,0.006,-5.055,0.006,0.12,-0.06,0.23,3.21,0.09,2.34,0.06,-46.65,0.42,-20.92,0.3,20.2,0.29,0.56,0.08,4.28,0.13,0.614453394084308,0.15443127553258054,0.1604134483174921,-0.19238910677262397,151.00170000000003,156.85102201783704,-183938.92100616742,in-situ,L-E
NGC_6401,264.652191,-23.909605,3.45,3.98,7.44,0.22,1.03,-105.44,2.5,-2.762,0.01,1.464,0.008,0.29,0.77,0.22,0.45,0.01,0.52,0.02,101.04,2.48,237.5,0.34,109.65,0.38,0.47,0.14,2.12,0.34,0.6656274342800151,0.14052781046243382,0.0825569328213713,-0.21019598964242758,137.407,80.72352675856031,-200963.6833562827,in-situ,L-E
NGC_6397,265.175385,-53.674335,338.165,-11.96,2.48,0.02,6.01,18.51,0.08,3.251,0.005,-17.649,0.005,-0.25,5.92,0.02,-0.9,0.01,-0.51,0.0,58.24,0.08,106.68,0.06,-130.34,0.06,2.6,0.01,6.3,0.01,0.39191537792478803,0.6994958487441176,0.7788181966563824,-0.16328157478392413,683.9616,761.5223747940698,-156109.86084278917,in-situ,in-situ
Pal_6,265.925812,-26.224995,2.09,1.779,7.05,0.45,1.19,177.0,1.35,-9.19,0.021,-5.283,0.018,0.27,1.14,0.45,0.26,0.02,0.22,0.01,-194.0,1.34,-52.44,0.62,181.72,0.66,0.29,0.09,2.08,0.7,0.6591143879488965,-0.009553767960990854,0.2624925486016213,-0.21393981278193722,-9.341599999999989,256.6631722718318,-204543.06890607474,in-situ,L-E
NGC_6426,266.22796,3.170142,28.087,16.234,20.71,0.35,14.45,-210.51,0.51,-1.821,0.016,-2.998,0.015,0.27,-9.36,0.3,9.36,0.16,5.79,0.1,11.24,0.91,-149.16,1.37,-29.02,1.48,3.67,0.36,17.0,0.52,0.6439702662564886,1.320251042477037,0.6412468920413872,-0.11920298145920381,1290.9312,627.0062232150491,-113967.30385695674,GS/E,H-E
Djor_1,266.869583,-33.066389,356.675,-2.484,9.88,0.65,1.82,-359.18,1.64,-4.725,0.028,-8.47,0.021,-0.02,-1.68,0.65,-0.57,0.04,-0.43,0.03,374.13,1.63,-180.09,1.08,7.5,1.22,1.19,0.31,9.29,3.67,0.7968649522931627,0.5275203551050442,0.17314632118751233,-0.14663351552334303,515.8053,169.30112606979316,-140193.02382115298,in-situ,GS/E
Ter_5,267.0202,-24.779055,3.839,1.687,6.62,0.15,1.65,-81.97,0.85,-1.864,0.03,-5.108,0.027,0.33,1.58,0.15,0.44,0.01,0.19,0.0,58.48,0.85,79.79,0.88,-27.76,0.92,0.27,0.04,1.69,0.15,0.6562989721540887,0.10261587050418991,0.0628055528870842,-0.23750970799780757,100.337,61.410781091352355,-227077.71843464425,in-situ,in-situ
NGC_6440,267.220167,-20.360417,7.729,3.801,8.25,0.24,1.23,-69.39,0.93,-1.189,0.024,-4.004,0.024,0.34,0.02,0.24,1.11,0.03,0.55,0.02,33.58,0.93,86.46,0.94,-37.51,0.94,0.21,0.07,1.26,0.06,0.6463876624612417,-0.03635189482168321,0.0933085342654841,-0.24119226888609127,-35.5446,91.23635902122574,-230598.5325165505,in-situ,in-situ
Gran_5,267.228,-24.17,4.459,1.839,4.91,0.31,3.31,-58.87,3.27,-5.353,0.046,-9.312,0.043,0.06,3.29,0.31,0.38,0.02,0.16,0.01,27.97,3.25,-1.55,1.05,0.7,1.06,0.32,0.08,2.85,0.32,0.9008808750002938,-0.016085319203055195,0.00228288251720894,-0.21330922269517796,-15.7281,2.232184768337962,-203940.17583119412,-,-
NGC_6441,267.554413,-37.051445,353.532,-5.006,12.73,0.16,4.78,18.47,0.56,-2.566,0.02,-5.373,0.02,0.17,-4.42,0.16,-1.43,0.02,-1.11,0.01,13.63,0.58,-105.17,1.2,-25.31,1.2,1.61,0.13,4.7,0.14,0.48877310607639846,0.4953427622562115,0.15380324236711035,-0.18409171635396882,484.34229999999997,150.3876140558457,-176005.97164964225,in-situ,L-E
Ter_6,267.69325,-31.275389,358.571,-2.162,7.27,0.35,0.97,137.15,1.7,-4.993,0.052,-7.458,0.045,0.26,0.91,0.35,-0.18,0.01,-0.27,0.01,-141.03,1.7,-60.0,1.63,18.66,1.73,0.2,0.02,1.11,0.39,0.6249712388048221,-0.08180204160604594,0.029422331670800744,-0.24435615665739494,-79.98540000000001,28.768927051421304,-233623.4548346628,in-situ,in-situ
NGC_6453,267.715508,-34.598477,355.718,-3.872,10.07,0.22,2.1,-99.23,1.24,0.165,0.021,-5.92,0.021,0.18,-1.84,0.22,-0.75,0.02,-0.68,0.01,115.63,1.24,21.74,1.0,-136.21,1.02,0.45,0.11,2.52,0.23,0.6180301302132478,0.04778203279188341,0.3573407390731377,-0.2120723775374036,46.72089999999999,349.40499515537846,-202757.65584558187,in-situ,L-E
UKS_1,268.613312,-24.145277,5.125,0.764,15.58,0.56,7.47,59.38,2.63,-0.96,0.207,-2.941,0.135,0.13,-7.34,0.56,1.39,0.05,0.21,0.01,-90.83,2.82,35.25,11.53,-40.64,14.11,0.47,0.15,7.8,0.6,0.9093703271907222,-0.13549023715106823,0.3310921030188456,-0.1622999637964763,-132.4813,323.73928299176174,-155171.36453752618,in-situ,-
VVV-CL001,268.677083,-24.014722,5.267,0.78,8.08,1.48,0.76,-327.28,0.9,-3.394,0.11,-1.71,0.077,0.3,0.13,1.48,0.74,0.14,0.11,0.02,304.62,0.94,100.38,3.3,81.91,3.91,0.72,0.36,4.11,1.99,0.6788105148880925,-0.2171927688634552,0.055828456248579926,-0.20697140455101243,-212.36939999999998,54.588630268307696,-197880.72968828495,-,-
Gran_1,269.651,-32.02,358.767,-3.977,8.27,0.67,0.6,78.94,1.44,-8.044,0.038,-8.049,0.031,0.42,-0.07,0.67,-0.18,0.01,-0.57,0.05,-88.72,1.43,-179.91,1.29,119.01,1.41,1.45,0.29,3.6,0.83,0.7873250265090403,-0.003452573997977758,0.14036896574717161,-0.23367142856229264,-3.3758999999999966,137.2516828729615,-223408.0253333442,-,-
NGC_6496,269.76535,-44.265945,348.027,-10.014,9.64,0.15,2.81,-134.72,0.26,-3.066,0.006,-9.257,0.005,0.16,-1.11,0.15,-1.97,0.03,-1.68,0.03,222.91,0.26,-146.82,0.24,-45.56,0.25,2.62,0.12,4.56,0.29,0.3278656086733667,0.6157779604392917,0.4633860566195214,-0.17181183104903397,602.1029000000001,453.0952817979018,-164265.44802561647,in-situ,in-situ
Ter_9,270.411667,-26.839722,3.603,-1.989,5.77,0.34,2.46,68.56,0.54,-2.168,0.031,-7.698,0.029,0.34,2.42,0.34,0.36,0.02,-0.2,0.01,-91.02,0.54,44.46,0.81,-47.51,0.83,0.37,0.08,2.55,0.41,0.6988628929053626,0.14354828857067975,0.1364616278772726,-0.2212795621700201,140.36039999999997,133.43111829629547,-211560.43909686847,in-situ,in-situ
Djor_2,270.454378,-27.825819,2.763,-2.508,8.76,0.18,0.8,-149.75,1.1,0.72,0.021,-3.003,0.018,0.01,-0.57,0.18,0.42,0.01,-0.38,0.01,137.64,1.1,151.13,0.79,-73.65,0.86,0.74,0.07,0.92,0.1,0.25651228805822474,-0.1472223820236064,0.10016041797392192,-0.2345651150398684,-143.95289999999997,97.93607761519755,-224262.4589816971,in-situ,in-situ
NGC_6517,270.46075,-8.958778,19.225,6.762,9.23,0.56,3.24,-35.06,1.65,-1.554,0.018,-4.452,0.017,0.34,-0.47,0.52,3.02,0.18,1.09,0.07,-49.03,1.57,50.13,0.89,-31.3,0.78,0.42,0.04,3.4,0.27,0.6479526265197231,0.127337380313757,0.16772457539307994,-0.20541819903044212,124.50950000000003,163.99978520406665,-196395.74463717092,in-situ,L-E
Ter_10,270.740833,-26.066944,4.421,-1.864,10.21,0.4,2.17,211.37,2.27,-6.806,0.03,-2.595,0.023,0.03,-2.0,0.4,0.79,0.03,-0.33,0.01,-249.96,2.25,-1.58,1.2,225.31,1.36,1.07,0.28,5.6,1.1,0.663520689013224,0.20518510533365372,0.5746329282694477,-0.1724002056661098,200.6284,561.8716075835208,-164827.97983434435,in-situ,GS/E
NGC_6522,270.891958,-30.033974,1.025,-3.926,7.29,0.21,1.04,-15.23,0.49,2.586,0.014,-6.432,0.014,0.29,0.9,0.21,0.13,0.0,-0.5,0.01,14.18,0.49,101.3,0.48,-177.94,0.49,0.44,0.13,1.3,0.15,0.20834013879323682,0.09135540048217078,0.15904199625249726,-0.2294894635127556,89.3266,155.51002685627702,-219409.74210514428,in-situ,in-situ
NGC_6535,270.960449,-0.297639,27.176,10.436,6.36,0.12,4.04,-214.85,0.46,-4.213,0.014,-2.935,0.013,0.19,2.61,0.11,2.86,0.06,1.15,0.02,125.6,0.45,27.55,0.41,38.55,0.41,0.96,0.05,4.52,0.05,0.593563086211828,-0.29383594349536113,0.09200948812371994,-0.188893703223588,-287.3105,89.9661618082043,-180597.0438693778,in-situ,L-E/Seq
NGC_6528,271.206697,-30.055778,1.139,-4.174,7.83,0.24,0.7,211.86,0.43,-2.173,0.021,-5.643,0.019,0.13,0.37,0.24,0.16,0.0,-0.57,0.02,-224.49,0.43,34.2,0.73,-39.4,0.76,0.43,0.07,0.92,0.28,0.5756556906889311,0.04967558436546553,0.14639744377122113,-0.23126294708456763,48.57240000000001,143.1462817934507,-221105.33007316163,in-situ,in-situ
NGC_6539,271.207276,-7.585858,20.795,6.776,8.16,0.39,3.09,35.19,0.5,-6.883,0.009,-3.549,0.008,0.41,0.6,0.36,2.88,0.14,0.96,0.05,-113.35,0.48,25.57,0.35,178.27,0.34,2.14,0.15,3.42,0.17,0.20638419200233396,0.3495527908909681,0.5465096817931535,-0.18773630793696672,341.78999999999996,534.3729159305886,-179490.4841281844,in-situ,in-situ
NGC_6540,271.535657,-27.765286,3.285,-3.313,5.91,0.27,2.34,-16.5,0.78,-3.695,0.019,-2.818,0.018,0.23,2.29,0.27,0.34,0.02,-0.34,0.02,-4.5,0.78,132.39,0.5,60.24,0.52,1.06,0.17,2.32,0.28,0.2664738763784001,0.3116235670971349,0.15476374945641233,-0.21753407639265115,304.7031,151.32679041663442,-207979.4639362144,in-situ,in-situ
VVV-CL160,271.7375,-20.011111,10.151,0.302,6.8,0.5,1.91,245.28,0.78,-2.025,0.133,-16.766,0.104,0.31,1.48,0.49,1.2,0.09,0.04,0.0,-342.4,0.99,-200.24,3.54,-197.76,4.08,0.85,0.06,11.52,1.17,0.8949537471287555,0.11712590615942514,0.36933128557612216,-0.1362286616673522,114.52479999999993,361.1292582596985,-130245.17581872053,-,-
NGC_6544,271.833833,-24.998222,5.837,-2.202,2.58,0.06,5.62,-38.46,0.67,-2.269,0.026,-18.615,0.026,0.02,5.61,0.06,0.26,0.01,-0.1,0.0,8.81,0.67,36.42,0.33,-77.57,0.32,0.56,0.06,5.53,0.12,0.8067810808853121,0.20661403877065562,0.4444717577412225,-0.18069449336026513,202.02560000000005,434.6010274761554,-172757.962745387,in-situ,L-E
NGC_6541,272.009827,-43.714889,349.286,-11.188,7.61,0.1,2.19,-163.97,0.46,0.283,0.006,-8.832,0.005,0.09,0.84,0.1,-1.39,0.02,-1.48,0.02,228.17,0.45,13.34,0.21,-111.74,0.22,1.55,0.04,3.58,0.02,0.4293803277962379,0.33581970966751795,0.30698354777949355,-0.18594816820557594,328.36189999999993,300.1661252027617,-177780.88373387,in-situ,L-E
2MASS-GC01,272.090851,-19.829723,10.471,0.1,3.37,0.62,4.9,-35.58,0.35,-1.366,0.286,-1.754,0.227,0.28,4.86,0.61,0.61,0.11,0.01,0.0,17.52,0.78,211.23,3.79,12.67,4.34,3.61,0.59,5.15,0.55,0.1665475164867896,1.0389636749755702,0.06305770483261464,-0.16894599787060396,1015.8906000000001,61.6573333023737,-161525.48903590563,-,-
ESO_280-SC06,272.275,-46.423333,346.899,-12.571,20.95,0.65,13.41,93.2,0.34,-0.695,0.02,-2.776,0.016,0.23,-11.73,0.61,-4.63,0.14,-4.56,0.14,-23.96,0.6,-35.85,1.67,-71.97,1.91,1.55,0.33,13.82,0.71,0.8199274545699424,0.3166170615141871,0.7714298515915932,-0.1315207419938387,309.5857000000001,754.2981084586253,-125744.0391407836,-,-
NGC_6553,272.322992,-25.908067,5.253,-3.029,5.33,0.13,2.93,-0.27,0.34,0.354,0.013,-0.427,0.013,0.22,2.88,0.13,0.49,0.01,-0.28,0.01,-10.62,0.34,247.02,0.33,-5.76,0.33,2.82,0.13,3.62,0.11,0.1431114235256477,0.732897423512077,0.07073818213831222,-0.18708918629394117,716.6214,69.16724427068061,-178871.7856021887,in-situ,in-situ
2MASS-GC02,272.4021,-20.778889,9.782,-0.615,5.5,0.44,2.91,-87.5,2.83,-2.924,0.22,-3.776,0.174,0.47,2.76,0.43,0.93,0.07,-0.06,0.0,54.01,2.88,116.1,4.81,27.3,5.47,0.68,0.23,3.18,0.38,0.5659865354696078,0.27634367916685254,0.08691858597427825,-0.2116233571558559,270.20669999999996,84.9883172851422,-202328.3575039181,in-situ,-
NGC_6558,272.573974,-31.764508,0.199,-6.023,7.79,0.18,0.93,-195.12,0.73,-1.752,0.017,-4.167,0.016,0.06,0.44,0.18,0.03,0.0,-0.82,0.02,184.04,0.73,85.48,0.6,11.86,0.62,0.55,0.04,1.1,0.16,0.8095953582787655,0.03281883337631636,0.17517978602605536,-0.22738851507902602,32.09,171.28943217198193,-217401.07230843618,in-situ,in-situ
IC_1276,272.684441,-7.207595,21.832,5.668,4.55,0.25,4.34,155.06,0.69,-2.555,0.015,-4.586,0.015,0.04,3.97,0.23,1.69,0.09,0.45,0.02,-196.33,0.65,204.37,0.4,24.13,0.34,3.69,0.09,6.93,0.41,0.32432994511619584,1.1691099342506253,0.19546735166752982,-0.1557631503733135,1143.1466000000003,191.12645605305408,-148921.66346013502,in-situ,in-situ
Ter_12,273.065833,-22.741944,8.358,-2.101,5.17,0.38,3.17,94.01,0.72,-6.234,0.016,-3.063,0.013,0.39,3.07,0.38,0.75,0.06,-0.19,0.01,-127.81,0.71,128.87,0.36,101.76,0.39,1.79,0.22,3.73,0.43,0.3497025828992013,0.5026511656588446,0.31217765674162024,-0.19328409761128057,491.4884,305.24488454449164,-184794.60172496954,in-situ,in-situ
NGC_6569,273.411667,-31.826889,0.481,-6.681,10.53,0.26,2.59,-49.83,0.5,-4.142,0.01,-7.333,0.009,0.16,-2.28,0.26,0.09,0.0,-1.23,0.03,33.52,0.5,-168.57,0.47,24.53,0.48,1.68,0.3,2.7,0.25,0.16025047150253774,0.38998346636928655,0.2103303148102606,-0.20055435134436167,381.3228,205.65934580514448,-191745.5286747187,in-situ,in-situ
BH_261,273.5275,-28.635,3.362,-5.27,6.12,0.26,2.2,-60.0,2.24,3.589,0.022,-3.57,0.02,0.25,2.1,0.26,0.36,0.02,-0.56,0.02,58.95,2.22,205.82,0.6,-127.18,0.65,1.45,0.22,3.33,0.28,0.317079202442009,0.42033469983378063,0.24970431108349705,-0.19619412937051484,411.0,244.15893309760347,-187576.81798901115,in-situ,in-situ
NGC_6584,274.656647,-52.215778,342.143,-16.414,13.61,0.17,6.99,260.64,1.58,-0.08,0.008,-7.195,0.008,-0.08,-4.25,0.16,-4.0,0.05,-3.85,0.05,-69.58,1.45,-216.63,0.67,-238.12,0.67,2.25,0.22,19.79,1.06,0.8118090701874383,0.65694682955834,0.7706096874943817,-0.10966211645183076,642.3575000000001,753.4961583838701,-104845.49626420264,GS/E,H-E
NGC_6624,275.918793,-30.361029,2.788,-7.913,8.02,0.11,1.2,54.79,0.4,0.127,0.014,-6.956,0.014,-0.01,0.24,0.11,0.39,0.01,-1.1,0.01,-59.64,0.4,20.64,0.52,-122.99,0.53,0.32,0.02,1.36,0.02,0.30124466549894763,0.028853982854867205,0.10065427179627026,-0.22976632212240822,28.213200000000004,98.41896404133709,-219674.44042816813,in-situ,in-situ
NGC_6626,276.137039,-24.869847,7.798,-5.581,5.37,0.1,3.02,11.11,0.6,-0.303,0.018,-8.931,0.018,-0.26,2.88,0.1,0.72,0.01,-0.52,0.01,-40.52,0.6,48.96,0.46,-90.99,0.46,0.61,0.05,2.97,0.1,0.6019000663663463,0.17404433807774436,0.2924351170365888,-0.20951774700781214,170.1792,285.94078278468777,-200315.23074644245,in-situ,in-situ
NGC_6638,277.733734,-25.497473,7.896,-7.153,9.78,0.34,2.3,8.63,2.0,-2.515,0.011,-4.069,0.01,0.2,-1.43,0.33,1.33,0.05,-1.22,0.04,-52.31,1.97,35.04,0.54,25.45,0.55,0.28,0.08,2.36,0.26,0.9263509618479184,0.01990719456383097,0.1289977433589118,-0.21809082035483685,19.465100000000014,126.13299007071862,-208511.75438341819,in-situ,in-situ
NGC_6637,277.846252,-32.348084,1.723,-10.269,8.9,0.1,1.71,47.48,1.0,-5.053,0.007,-5.825,0.007,0.4,-0.58,0.1,0.26,0.0,-1.59,0.02,-82.47,0.98,-59.69,0.28,82.89,0.33,0.4,0.09,2.03,0.08,0.24424483781198084,0.05733569848165777,0.19803403179970405,-0.21683586683898612,56.0624,193.63613592183665,-207311.9214017552,in-situ,in-situ
NGC_6642,277.975957,-23.475602,9.815,-6.439,8.05,0.2,1.66,-60.61,1.35,-0.175,0.013,-3.9,0.013,0.23,0.3,0.2,1.36,0.03,-0.9,0.02,31.86,1.32,106.97,0.53,-46.79,0.53,0.27,0.08,1.82,0.08,0.7665111705613924,-0.011493852938082548,0.03658280125348718,-0.22621594431942632,-11.2386,35.77037851295399,-216280.003637022,in-situ,in-situ
NGC_6652,278.940125,-32.990723,1.534,-11.377,9.46,0.14,2.18,-95.37,0.86,-5.496,0.012,-4.25,0.012,0.07,-1.1,0.14,0.25,0.0,-1.87,0.03,46.85,0.86,-26.61,0.53,165.75,0.55,0.32,0.05,3.09,0.17,0.8643378270411107,0.01795729154995484,0.09723998464453829,-0.20110055719303285,17.558500000000002,95.08050062178891,-192267.74386734172,in-situ,in-situ
NGC_6656,279.099762,-23.904749,9.892,-7.552,3.3,0.04,5.0,-148.72,0.78,9.841,0.009,-5.607,0.009,0.2,4.95,0.04,0.56,0.01,-0.43,0.0,155.31,0.76,212.88,0.19,-148.73,0.18,2.97,0.02,9.59,0.02,0.5463543733708159,0.9887401214320732,0.6846863929168512,-0.14248659094586746,966.7824,669.4810292847736,-136228.2420043929,in-situ,in-situ
Pal_8,280.37729,-19.828858,14.103,-6.801,11.32,0.63,4.09,-39.68,1.25,-1.999,0.054,-5.633,0.047,0.16,-2.72,0.61,2.74,0.15,-1.34,0.07,-46.04,1.42,-67.23,2.54,-26.26,2.79,1.09,0.36,4.12,0.59,0.5293592815335695,0.3160336042240285,0.16601960668768453,-0.19305089359679933,309.01520000000005,162.33268006572186,-184571.6405837825,in-situ,in-situ
NGC_6681,280.803162,-32.29211,2.853,-12.51,9.36,0.11,2.29,216.62,0.84,1.42,0.013,-4.73,0.012,0.22,-0.95,0.1,0.45,0.01,-2.03,0.02,-199.39,0.84,96.15,0.55,-180.24,0.58,0.81,0.04,4.98,0.18,0.7273901996165824,-0.0016537255708788945,0.26580963404923275,-0.17194482977440817,-1.6170000000000055,259.9065926211568,-164392.60513160293,in-situ,L-E
NGC_6712,283.268021,-8.70596,25.354,-4.318,7.38,0.24,3.55,-107.45,0.29,3.355,0.007,-4.44,0.007,0.13,1.53,0.21,3.15,0.1,-0.56,0.02,60.92,0.28,123.26,0.26,-159.05,0.26,0.45,0.1,4.84,0.13,0.8809371627925682,-0.003385381808734239,0.4908870297293511,-0.1847903209193969,-3.31019999999998,479.9855193933458,-176673.89184601122,in-situ,L-E
NGC_6715,283.763855,-30.479862,5.607,-14.087,26.28,0.33,18.51,143.13,0.43,-2.682,0.007,-1.374,0.007,0.25,-17.19,0.32,2.49,0.03,-6.4,0.08,-235.36,0.47,-17.11,0.84,203.74,0.84,14.77,0.33,46.92,1.89,0.5673818974269195,0.9001578049854239,5.138482046267932,-0.06879817711054177,880.1673000000001,5024.367776087169,-65776.39803619565,Sag,Sag
NGC_6717,283.775177,-22.701473,12.876,-10.9,7.52,0.13,2.38,30.25,0.9,-3.153,0.016,-5.008,0.016,0.35,0.98,0.13,1.65,0.03,-1.42,0.02,-91.59,0.87,55.81,0.57,27.44,0.58,0.74,0.02,2.54,0.05,0.2935133684078821,0.21049185648685934,0.16538277706933738,-0.21123495189031594,205.81730000000002,161.70999301836605,-201957.0119186352,in-situ,in-situ
NGC_6723,284.888123,-36.632248,0.069,-17.299,8.27,0.1,2.47,-94.39,0.26,1.018,0.006,-2.41,0.006,0.21,0.28,0.09,0.01,0.0,-2.46,0.03,100.19,0.26,178.63,0.23,-32.93,0.23,2.07,0.05,2.82,0.03,0.37037989643704483,0.050127725413632224,0.5104300865113922,-0.18713581813453647,49.014500000000005,499.0945683026916,-178916.36926177068,in-situ,in-situ
NGC_6749,286.314056,1.899756,36.2,-2.205,7.59,0.21,4.94,-58.44,0.96,-2.872,0.027,-5.981,0.027,0.1,2.06,0.17,4.48,0.13,-0.29,0.01,-104.73,0.96,25.0,0.96,2.83,0.97,1.43,0.06,4.95,0.05,0.5238699729382892,0.5325164063025091,0.03233203833703896,-0.18544230157289146,520.6904000000001,31.61401559704177,-177297.2359632144,in-situ,in-situ
NGC_6752,287.717102,-59.984554,336.493,-25.628,4.12,0.04,5.3,-26.01,0.12,-3.16,0.012,-4.024,0.012,0.03,4.77,0.03,-1.48,0.01,-1.78,0.02,27.25,0.17,172.35,0.23,60.49,0.22,3.38,0.03,5.49,0.02,0.2130837903052558,0.8820273682659266,0.4101043438116333,-0.1652146398235938,862.4395,400.9968374565191,-157958.021082193,in-situ,in-situ
NGC_6760,287.800268,1.030466,36.108,-3.924,8.41,0.43,5.17,-2.37,1.27,-1.093,0.008,-3.632,0.007,0.3,1.4,0.35,4.95,0.25,-0.58,0.03,-95.28,1.04,129.61,0.78,-20.16,0.32,1.84,0.07,5.82,0.2,0.504439348967272,0.667923087869693,0.08901729663392215,-0.17420615445373483,653.09,87.04042024370057,-166554.60706891402,in-situ,in-situ
NGC_6779,289.148193,30.183472,62.659,8.336,10.43,0.14,9.91,-136.97,0.45,-2.003,0.007,1.617,0.007,0.07,3.44,0.06,9.17,0.13,1.51,0.02,83.5,0.37,128.29,0.43,110.44,0.35,1.3,0.08,13.13,0.16,0.8156280106333872,-0.33174471304589337,0.8769228392079644,-0.13297307036839684,-324.37739999999997,857.448331191781,-127132.57780934026,GS/E,GS/E
Ter_7,289.432983,-34.657722,3.387,-20.067,24.28,0.49,16.85,159.45,0.14,-2.99,0.013,-1.659,0.012,0.24,-14.59,0.46,1.35,0.03,-8.33,0.17,-266.95,0.55,-29.06,1.42,196.22,1.44,14.57,0.48,50.41,3.74,0.6046865871011523,0.8021825932013452,5.202122095559698,-0.06586879194317632,784.3679,5086.59452127204,-62975.67841159919,Sag,Sag
Pal_10,289.508728,18.571667,52.436,2.725,8.94,1.18,7.6,-31.7,0.23,-4.326,0.01,-7.173,0.01,0.11,2.73,0.72,7.08,0.94,0.43,0.06,-272.22,0.38,10.22,0.33,26.44,0.44,6.38,1.14,12.79,6.02,0.3011233009154971,1.999625438458747,0.2690845835598624,-0.12774679363061547,1955.2182000000003,263.1088127790478,-122135.85153853703,in-situ,in-situ
Arp_2,292.183807,-30.355639,8.545,-20.785,28.73,0.34,21.39,122.64,0.29,-2.317,0.012,-1.487,0.01,0.21,-18.38,0.32,3.99,0.05,-10.19,0.12,-248.46,0.69,-13.89,1.42,175.88,1.53,17.77,0.38,51.38,2.06,0.5411755243859019,1.27496780231801,5.923181154538239,-0.06408018322020842,1246.6536,5791.640460513726,-61265.62962492979,Sag,Sag
NGC_6809,294.998779,-30.96475,8.793,-23.272,5.35,0.05,4.01,174.7,0.17,-3.435,0.007,-9.296,0.007,-0.05,3.32,0.05,0.75,0.01,-2.11,0.02,-210.78,0.17,28.97,0.17,-55.46,0.17,1.6,0.0,5.62,0.03,0.5799646037771654,0.2600403177302097,0.6434661917232108,-0.16924306674627002,254.26540000000003,629.1762371815149,-161809.50994213662,in-situ,L-E
Ter_8,295.435028,-33.999474,5.759,-24.559,27.54,0.42,20.43,148.53,0.17,-2.499,0.009,-1.58,0.006,-0.44,-16.74,0.38,2.51,0.04,-11.44,0.17,-278.55,0.53,-15.93,0.83,173.31,1.07,17.66,0.48,95.16,119.42,nan,0.9877647608402691,6.231453411721542,-0.0581983892810462,965.8287,6093.06667574754,-55642.17802260622,Sag,Sag
Pal_11,296.31,-8.007222,31.805,-15.576,14.02,0.51,8.7,-67.64,0.76,-1.741,0.025,-4.973,0.022,0.17,-3.3,0.42,7.12,0.26,-3.77,0.14,-129.7,1.12,-83.56,1.36,-14.16,1.6,4.49,0.73,8.68,0.47,0.29524884965974113,1.226448700868778,0.6208295334206096,-0.14374132396381925,1199.212,607.0422887683857,-137427.86417294753,in-situ,in-situ
Sagittarius_II,298.164708,-22.065251,18.937,-22.893,66.53,1.56,59.54,-175.73,0.37,-0.807,0.045,-0.897,0.028,-0.03,-49.79,1.36,19.89,0.47,-25.88,0.61,-22.93,6.7,-119.98,8.75,199.42,12.51,59.67,1.55,325.66,204.89,nan,6.575918438937128,10.797537208351535,-0.04102376644043383,6429.881900000001,10557.747895635033,-39221.905341972095,-,-
NGC_6838,298.443726,18.779194,56.746,-4.564,4.0,0.05,6.86,-22.72,0.2,-3.412,0.011,-2.662,0.011,-0.06,5.99,0.03,3.34,0.04,-0.32,0.0,-63.91,0.21,193.37,0.21,38.86,0.22,4.81,0.02,7.12,0.0,0.1755907778876422,1.4029010147391225,0.2925342302304502,-0.15029578675037214,1371.7457000000002,286.03769489471136,-143694.4394118382,in-situ,in-situ
NGC_6864,301.519784,-21.921164,20.304,-25.747,20.52,0.45,14.3,-189.08,1.12,-0.614,0.016,-2.796,0.015,0.18,-9.15,0.38,6.41,0.14,-8.91,0.2,69.15,1.26,-71.35,1.46,53.63,1.47,1.12,0.21,16.15,0.58,0.8712495590275596,0.2143614925057426,0.32497301135118734,-0.12450289204684588,209.60099999999989,317.75608275537377,-119034.42980433269,GS/E,GS/E
NGC_6934,308.547394,7.404472,52.103,-18.893,15.72,0.17,12.83,-406.22,0.73,-2.658,0.008,-4.691,0.007,0.12,-0.96,0.1,11.73,0.13,-5.09,0.06,-88.22,0.62,-302.01,0.65,122.23,0.58,3.69,2.5,42.1,1.68,0.8834054606843502,1.3548381451867175,0.5888314878351456,-0.07759442225120362,1324.7502,575.7548486859316,-74186.29123244243,other,H-E
NGC_6981,313.365417,-12.537306,35.162,-32.683,16.66,0.18,12.53,-331.39,1.47,-1.261,0.007,-3.369,0.005,0.08,-3.29,0.13,8.08,0.09,-9.0,0.1,62.03,1.07,-146.06,0.8,170.23,0.9,0.73,0.03,22.08,0.45,0.9225646757336182,-0.02113434689066923,0.06232877950355651,-0.10874073106689167,-20.664999999999946,60.94459578543455,-103964.58031017803,GS/E,Helmi
NGC_7006,315.372626,16.187323,63.77,-19.407,39.32,0.56,36.67,-383.47,0.73,-0.115,0.01,-0.619,0.009,0.03,-8.21,0.23,33.27,0.47,-13.06,0.19,62.61,1.61,-134.21,1.07,84.85,1.69,2.33,0.18,50.56,0.78,0.9010175821853835,-1.0034551086051837,1.1014643643218542,-0.07369219077181932,-981.1706000000001,1077.003287892484,-70455.45501268413,other,Seq
Laevens_3,316.7267,14.9805,63.593,-21.176,61.77,1.65,58.85,-70.3,0.82,0.242,0.102,-0.748,0.079,0.07,-17.44,0.68,51.59,1.38,-22.31,0.6,-68.19,24.47,74.23,12.76,-144.15,25.55,16.94,5.2,500.0,0.0,nan,2.2738480125952942,5.998450440665455,-0.053888753076823476,2223.3509,5865.238183020384,-51521.83125957086,-,-
NGC_7078,322.493042,12.167001,65.013,-27.313,10.71,0.1,10.76,-106.84,0.3,-0.648,0.009,-3.801,0.008,0.13,4.16,0.04,8.62,0.08,-4.91,0.04,-106.01,0.42,53.95,0.35,-30.3,0.41,3.9,0.06,10.77,0.06,0.4493203102212728,1.1640900538597148,0.6612526885768665,-0.13768754212911755,1138.2382,646.5677354559692,-131639.9787912778,GS/E,in-situ
NGC_7089,323.362579,-0.82325,53.371,-35.77,11.69,0.11,10.54,-3.78,0.3,3.445,0.009,-2.177,0.009,-0.07,2.52,0.06,7.61,0.07,-6.83,0.07,73.27,0.47,146.63,0.42,-173.8,0.45,0.88,0.06,18.74,0.22,0.89351234630067,-0.1923487381365157,0.33458285478503497,-0.11580685377964361,-188.07710000000003,327.15251291656017,-110720.34215805055,GS/E,GS/E
NGC_7099,325.092133,-23.179861,27.179,-46.835,8.46,0.09,7.36,-185.19,0.17,-0.732,0.008,-7.307,0.007,0.29,3.03,0.05,2.64,0.03,-6.17,0.06,1.8,0.27,-80.48,0.29,107.84,0.25,1.51,0.01,8.56,0.08,0.6635404782127217,-0.25425278958821607,0.40785133477277447,-0.15220327093844632,-248.60639999999998,398.79386274294643,-145518.14237130646,GS/E,GS/E
Pal_12,326.661804,-21.252611,30.51,-47.682,18.49,0.3,15.28,27.91,0.28,-3.225,0.013,-3.32,0.012,0.46,-2.55,0.17,6.32,0.1,-13.67,0.22,-327.57,0.92,18.08,0.96,109.51,0.77,15.3,0.27,51.25,3.55,0.6027223918234733,2.0701109654161294,4.959100812220983,-0.06477431675520727,2024.1384000000003,4848.970200720561,-61929.27516912779,Sag,Sag
Pal_13,346.68519,12.771539,87.103,-42.7,23.48,0.4,24.57,25.3,0.22,1.74,0.039,0.116,0.032,0.11,7.31,0.01,17.23,0.29,-15.92,0.27,161.51,4.18,216.8,2.57,-77.87,2.82,6.91,0.34,58.24,1.76,0.8018009709255034,-1.2252186849478777,2.9745125752344226,-0.06472632539295498,-1198.0093000000002,2908.4552593559115,-61883.39170130372,other,Seq
NGC_7492,347.11117,-15.611469,53.386,-63.478,24.39,0.57,23.57,-176.7,0.27,0.777,0.011,-2.321,0.011,0.21,1.68,0.15,8.74,0.21,-21.82,0.51,-1.29,1.26,-75.12,1.16,70.68,0.62,2.81,0.38,26.03,0.64,0.8140303955416962,-0.11753724099220658,1.04867385423678,-0.10208805150778216,-114.92699999999999,1025.3851377527371,-97604.10221227507,GS/E,GS/E
